[
  {
    "id": "1",
    "name": "Primanti Bros.",
    "description": "Iconic Pittsburgh sandwich shop famous for putting fries and coleslaw inside their sandwiches. A must-try Pittsburgh experience.",
    "cuisine": "American",
    "priceRange": "$$",
    "rating": 4.5,
    "address": "3803 Forbes Ave, Pittsburgh, PA 15213",
    "phone": "(412) 621-4444",
    "website": "https://primantibros.com",
    "neighborhood": "Oakland",
    "image": "/images/restaurants/primanti-bros.svg",
    "features": ["Sandwiches", "Late Night", "Iconic Pittsburgh", "Casual"],
    "hours": {
      "monday": "24 hours",
      "tuesday": "24 hours",
      "wednesday": "24 hours",
      "thursday": "24 hours",
      "friday": "24 hours",
      "saturday": "24 hours",
      "sunday": "24 hours"
    }
  },
  {
    "id": "2",
    "name": "The Porch at Schenley",
    "description": "Farm-to-table American cuisine in a beautiful historic building overlooking Schenley Park. Perfect for special occasions.",
    "cuisine": "American",
    "priceRange": "$$$",
    "rating": 4.7,
    "address": "221 Schenley Dr, Pittsburgh, PA 15213",
    "phone": "(412) 687-6724",
    "website": "https://theporchatschenley.com",
    "neighborhood": "Schenley Park",
    "image": "/images/restaurants/the-porch.svg",
    "features": ["Farm-to-Table", "Historic Building", "Cocktails", "Romantic"],
    "hours": {
      "monday": "5:00 PM - 10:00 PM",
      "tuesday": "5:00 PM - 10:00 PM",
      "wednesday": "5:00 PM - 10:00 PM",
      "thursday": "5:00 PM - 10:00 PM",
      "friday": "5:00 PM - 10:00 PM",
      "saturday": "5:00 PM - 10:00 PM",
      "sunday": "4:00 PM - 9:00 PM"
    }
  },
  {
    "id": "3",
    "name": "Fat Head's Saloon",
    "description": "Craft beer paradise with artisanal pizzas. One of Pittsburgh's best beer selections with unique, creative pizza toppings.",
    "cuisine": "Pizza",
    "priceRange": "$$",
    "rating": 4.6,
    "address": "1805 E Carson St, Pittsburgh, PA 15203",
    "phone": "(412) 431-7433",
    "website": "https://fatheads.com",
    "neighborhood": "South Side",
    "image": "/images/restaurants/fat-heads.svg",
    "features": ["Craft Beer", "Pizza", "Sports Bar", "Late Night"],
    "hours": {
      "monday": "11:00 AM - 2:00 AM",
      "tuesday": "11:00 AM - 2:00 AM",
      "wednesday": "11:00 AM - 2:00 AM",
      "thursday": "11:00 AM - 2:00 AM",
      "friday": "11:00 AM - 2:00 AM",
      "saturday": "11:00 AM - 2:00 AM",
      "sunday": "11:00 AM - 2:00 AM"
    }
  },
  {
    "id": "4",
    "name": "Monterey Bay Fish Grotto",
    "description": "Seafood restaurant in the historic Strip District. Known for fresh fish, casual atmosphere, and reasonable prices.",
    "cuisine": "Seafood",
    "priceRange": "$$",
    "rating": 4.4,
    "address": "1411 Smallman St, Pittsburgh, PA 15222",
    "phone": "(412) 481-4414",
    "website": "https://fishgrotto.com",
    "neighborhood": "Strip District",
    "image": "/images/restaurants/monterey-bay.svg",
    "features": ["Seafood", "Casual", "Historic", "Lunch Specials"],
    "hours": {
      "monday": "11:00 AM - 9:00 PM",
      "tuesday": "11:00 AM - 9:00 PM",
      "wednesday": "11:00 AM - 9:00 PM",
      "thursday": "11:00 AM - 9:00 PM",
      "friday": "11:00 AM - 10:00 PM",
      "saturday": "11:00 AM - 10:00 PM",
      "sunday": "12:00 PM - 8:00 PM"
    }
  },
  {
    "id": "5",
    "name": "Aiello's",
    "description": "Authentic Italian restaurant in Oakland serving traditional Pittsburgh Italian food since 1955.",
    "cuisine": "Italian",
    "priceRange": "$$",
    "rating": 4.3,
    "address": "2112 Murray Ave, Pittsburgh, PA 15217",
    "phone": "(412) 521-5656",
    "website": "https://aiellospizza.com",
    "neighborhood": "Oakland",
    "image": "/images/restaurants/aiellos.svg",
    "features": ["Italian", "Family-Owned", "Traditional", "Pizza"],
    "hours": {
      "monday": "11:00 AM - 10:00 PM",
      "tuesday": "11:00 AM - 10:00 PM",
      "wednesday": "11:00 AM - 10:00 PM",
      "thursday": "11:00 AM - 10:00 PM",
      "friday": "11:00 AM - 11:00 PM",
      "saturday": "11:00 AM - 11:00 PM",
      "sunday": "12:00 PM - 9:00 PM"
    }
  }
]
